Gender,Count,Percentage
Female,33600,12.765811939833513
Male,228410,86.78092574932657
Unknown,1193,0.4532623108399221
