Gender,Unique Identifier
Female,12.765811939833513
Male,86.78092574932657
Unknown,0.4532623108399221
